instrument_name,option_type,expiry,strike,days_to_expiry,underlying_price_usd,spot_price,moneyness,abs_moneyness,mark_price_usd,bid_price_usd,ask_price_usd,last_price_usd,market_price_usd,mark_iv,implied_volatility,delta,gamma,vega,theta,open_interest,volume,bid_ask_spread_pct,model_price_usd,theoretical_price,price_diff_pct,volatility_spread,classification,combined_score,historical_volatility_used,same_expiry_iv_percentile,surface_iv_zscore,surface_relative_value_score,term_bucket,institutional_edge_score,candidate_explanation,optimizer_risk_adjusted_score,optimizer_reject_reason
ETH-17MAY26-2350-C,call,2026-05-17,2350.0,3.049874001041667,2267.11,2267.11,0.036561966556541,0.036561966556541,8.615018000000001,8.161596,9.295151,5.894486,8.615018000000001,42.27,0.4227,0.18139,0.00301,0.54643,-3.78674,1235.0,1252.0,0.12987012987013,23.009099237976898,23.009099237976898,-0.6255821268404644,-0.2250031170848439,cheap,0.8505852439253083,0.647703117084844,0.25,-1.2522576221321755,0.6853309057501082,front_week,0.6146869915539906,ETH-17MAY26-2350-C: model_edge=-62.56%; vol_spread=-22.50%; surface_score=0.69; spread=12.99%,0.512040102792328,dte_below_optimizer_minimum;spread_above_dte_bucket_limit
ETH-17MAY26-2175-P,put,2026-05-17,2175.0,3.049874001041667,2267.11,2267.11,-0.0406288181870311,0.0406288181870311,7.254752000000001,6.574619,7.254752000000001,9.521862,7.254752000000001,44.61,0.4461,-0.14979,0.00252,0.48276,-3.53079,387.0,387.0,0.0983606557377049,18.58075638397156,18.58075638397156,-0.6095556149555778,-0.2016031170848439,cheap,0.8111587320404217,0.647703117084844,0.3804347826086957,-1.0070533640407524,0.6364370871266387,front_week,0.6017356668923921,ETH-17MAY26-2175-P: model_edge=-60.96%; vol_spread=-20.16%; surface_score=0.64; spread=9.84%,0.4871717376906411,dte_below_optimizer_minimum;spread_above_dte_bucket_limit
ETH-17MAY26-2250-P,put,2026-05-17,2250.0,3.049874001041667,2267.11,2267.11,-0.0075470532969287,0.0075470532969287,25.618343,24.93821,26.071765000000003,24.93821,25.618343,40.94,0.4094,-0.4125,0.00459,0.8068,-5.4152,2506.0,2717.0,0.0444444444444444,44.87461998967376,44.87461998967376,-0.4291128703508772,-0.2383031170848439,cheap,0.6674159874357213,0.647703117084844,0.0760869565217391,-1.3916258542952498,0.812432150352451,front_week,0.5986521453238416,ETH-17MAY26-2250-P: model_edge=-42.91%; vol_spread=-23.83%; surface_score=0.81; spread=4.44%,0.6179744108932139,dte_below_optimizer_minimum
ETH-17MAY26-2200-P,put,2026-05-17,2200.0,3.049874001041667,2267.11,2267.11,-0.0296015632236636,0.0296015632236636,11.108839,10.201995,11.33555,14.962926,11.108839,42.95,0.4295,-0.21626,0.00329,0.60758,-4.27776,1074.0,1084.0,0.1052631578947369,25.61082299247505,25.61082299247505,-0.5662443567993114,-0.2182031170848439,cheap,0.7844474738841554,0.647703117084844,0.2934782608695652,-1.181001683883386,0.6796287271013519,front_week,0.5950652955055941,ETH-17MAY26-2200-P: model_edge=-56.62%; vol_spread=-21.82%; surface_score=0.68; spread=10.53%,0.5111518277058468,dte_below_optimizer_minimum;spread_above_dte_bucket_limit
ETH-17MAY26-2375-C,call,2026-05-17,2375.0,3.049874001041667,2267.11,2267.11,0.0475892215199085,0.0475892215199085,5.441064,4.987642000000001,6.121197,13.60266,5.441064,43.45,0.4345,0.12491,0.00228,0.42639,-3.03714,166.0,166.0,0.2040816326530611,17.10957765264351,17.10957765264351,-0.6819872406868365,-0.2132031170848439,cheap,0.8951903577716804,0.647703117084844,0.3369565217391304,-1.128607611641629,0.5999799315890426,front_week,0.5833866194804784,ETH-17MAY26-2375-C: model_edge=-68.20%; vol_spread=-21.32%; surface_score=0.60; spread=20.41%,0.4350526989995556,dte_below_optimizer_minimum;spread_above_dte_bucket_limit
ETH-17MAY26-2300-C,call,2026-05-17,2300.0,3.049874001041667,2267.11,2267.11,0.0145074566298062,0.0145074566298062,20.177279,19.270435000000003,21.537545,18.13688,20.177279,40.97,0.4097,0.35725,0.00439,0.77326,-5.19394,60.0,63.0,0.111111111111111,39.3747437593895,39.3747437593895,-0.4875578334350829,-0.2380031170848439,cheap,0.725560950519927,0.647703117084844,0.1195652173913043,-1.388482209960744,0.7574654699250808,front_week,0.5825492800334631,ETH-17MAY26-2300-C: model_edge=-48.76%; vol_spread=-23.80%; surface_score=0.76; spread=11.11%,0.4249395281108518,dte_below_optimizer_minimum;spread_above_dte_bucket_limit;open_interest_below_minimum
ETH-17MAY26-2325-C,call,2026-05-17,2325.0,3.049874001041667,2267.11,2267.11,0.0255347115931736,0.0255347115931736,13.149238,12.469105,14.736215,15.86977,13.149238,41.46,0.4146,0.25905,0.00377,0.67095,-4.56075,32.0,32.0,0.1666666666666665,30.37527253794599,30.37527253794599,-0.5671071598263537,-0.2331031170848439,cheap,0.8002102769111976,0.647703117084844,0.1630434782608695,-1.337136019163822,0.7040177466489509,front_week,0.5797050222809786,ETH-17MAY26-2325-C: model_edge=-56.71%; vol_spread=-23.31%; surface_score=0.70; spread=16.67%,0.38659457004649056,dte_below_optimizer_minimum;spread_above_dte_bucket_limit;open_interest_below_minimum
ETH-29MAY26-2600-C,call,2026-05-29,2600.0,15.049874001041667,2267.11,2267.11,0.1468345161902156,0.1468345161902156,10.428706,9.975284000000002,10.882128,8.841729,10.428706,50.1,0.501,0.09877,0.00075,0.80122,-1.33349,25833.0,46.0,0.0869565217391302,25.1036371377283,25.1036371377283,-0.5845739028657851,-0.1467031170848439,cheap,0.7312770199506291,0.647703117084844,0.3365384615384615,-0.4317664508262596,0.5891357317985617,front_month,0.5670860436193553,ETH-29MAY26-2600-C: model_edge=-58.46%; vol_spread=-14.67%; surface_score=0.59; spread=8.70%,0.4854163439421313,abs_moneyness_too_high;spread_above_dte_bucket_limit
ETH-17MAY26-2225-P,put,2026-05-17,2225.0,3.049874001041667,2267.11,2267.11,-0.0185743082602961,0.0185743082602961,17.003325,15.86977,18.13688,21.537545,17.003325,41.6,0.416,-0.30431,0.00406,0.72519,-4.94559,35.0,37.0,0.1333333333333333,34.33894401353621,34.33894401353621,-0.5048384425188674,-0.2317031170848439,cheap,0.7365415596037114,0.647703117084844,0.2065217391304347,-1.3224656789361304,0.70801752670649,front_week,0.5665497587927089,ETH-17MAY26-2225-P: model_edge=-50.48%; vol_spread=-23.17%; surface_score=0.71; spread=13.33%,0.39227286798406014,dte_below_optimizer_minimum;spread_above_dte_bucket_limit;open_interest_below_minimum
ETH-22MAY26-2450-C,call,2026-05-22,2450.0,8.049874001041667,2267.11,2267.11,0.080670986410011,0.080670986410011,12.015683,11.33555,12.469105,11.33555,12.015683,47.98,0.4797999999999999,0.14773,0.00143,0.77744,-2.31692,2277.0,103.0,0.0952380952380951,27.34530993372033,27.34530993372033,-0.5605943750821014,-0.167903117084844,cheap,0.7284974921669454,0.647703117084844,0.3833333333333333,-0.6539173171313107,0.5997704771047908,front_month,0.5617646966579843,ETH-22MAY26-2450-C: model_edge=-56.06%; vol_spread=-16.79%; surface_score=0.60; spread=9.52%,0.4661762766809428,spread_above_dte_bucket_limit
ETH-17MAY26-2275-P,put,2026-05-17,2275.0,3.049874001041667,2267.11,2267.11,0.0034802016664388,0.0034802016664388,37.634026000000006,36.27376,38.540870000000005,44.208645,37.634026000000006,40.69,0.4069,-0.52981,0.00472,0.82446,-5.49972,70.0,72.0,0.0606060606060606,57.26583734109295,57.26583734109295,-0.3428188995851022,-0.2408031170848439,cheap,0.5836220166699462,0.647703117084844,0.0326086956521739,-1.4178228904161283,0.8214107890910941,front_week,0.5558881112374967,ETH-17MAY26-2275-P: model_edge=-34.28%; vol_spread=-24.08%; surface_score=0.82; spread=6.06%,0.4922932246467417,dte_below_optimizer_minimum;spread_above_dte_bucket_limit;open_interest_below_minimum
ETH-17MAY26-2275-C,call,2026-05-17,2275.0,3.049874001041667,2267.11,2267.11,0.0034802016664388,0.0034802016664388,30.152563,28.338875,31.73954,31.73954,30.152563,40.69,0.4069,0.47019,0.00472,0.82446,-5.49972,117.0,171.0,0.1132075471698113,50.136089828834656,50.136089828834656,-0.3985856674714503,-0.2408031170848439,cheap,0.6393887845562943,0.647703117084844,0.0326086956521739,-1.4178228904161283,0.7913527967689509,front_week,0.5509251644642101,ETH-17MAY26-2275-C: model_edge=-39.86%; vol_spread=-24.08%; surface_score=0.79; spread=11.32%,0.458337136846518,dte_below_optimizer_minimum;spread_above_dte_bucket_limit
ETH-29MAY26-2500-C,call,2026-05-29,2500.0,15.049874001041667,2267.11,2267.11,0.1027254963367458,0.1027254963367458,20.177279,19.270435000000003,21.537545,21.537545,20.177279,48.64,0.4864,0.17541,0.00115,1.18935,-1.92209,25111.0,77.0,0.111111111111111,42.3516408521989,42.3516408521989,-0.5235773964362848,-0.1613031170848439,cheap,0.6848805135211287,0.647703117084844,0.1826923076923076,-0.5847571417721903,0.650750291362629,front_month,0.549069288743391,ETH-29MAY26-2500-C: model_edge=-52.36%; vol_spread=-16.13%; surface_score=0.65; spread=11.11%,0.497618928263695,spread_above_dte_bucket_limit
ETH-22MAY26-2500-C,call,2026-05-22,2500.0,8.049874001041667,2267.11,2267.11,0.1027254963367458,0.1027254963367458,7.481463000000001,7.254752000000001,8.161596,8.615018000000001,7.481463000000001,49.4,0.494,0.0986,0.00104,0.58511,-1.7952,9904.0,1949.0,0.1176470588235292,18.788746999483124,18.788746999483124,-0.6018114991805565,-0.1537031170848439,cheap,0.7555146162654005,0.647703117084844,0.5166666666666667,-0.5051181519647195,0.5234878559734084,front_month,0.5473779056828288,ETH-22MAY26-2500-C: model_edge=-60.18%; vol_spread=-15.37%; surface_score=0.52; spread=11.76%,0.43122419322128835,spread_above_dte_bucket_limit
ETH-22MAY26-2400-C,call,2026-05-22,2400.0,8.049874001041667,2267.11,2267.11,0.0586164764832759,0.0586164764832759,19.043724,18.13688,20.40399,19.270435000000003,19.043724,46.8,0.4679999999999999,0.21835,0.00187,0.99309,-2.88658,4807.0,5585.0,0.1176470588235293,38.85925054581526,38.85925054581526,-0.5099307440953512,-0.179703117084844,cheap,0.6896338611801952,0.647703117084844,0.25,-0.7775673276218573,0.6483470912488638,front_month,0.5450463747133503,ETH-22MAY26-2400-C: model_edge=-50.99%; vol_spread=-17.97%; surface_score=0.65; spread=11.76%,0.4744006006869669,spread_above_dte_bucket_limit
ETH-29MAY26-2650-C,call,2026-05-29,2650.0,15.049874001041667,2267.11,2267.11,0.1688890261169506,0.1688890261169506,7.481463000000001,7.028041,7.934885,7.934885,7.481463000000001,51.0,0.51,0.07382,0.0006,0.6443,-1.09178,8486.0,123.0,0.1212121212121212,19.028807127111804,19.028807127111804,-0.6068348924856889,-0.1377031170848439,cheap,0.7445380095705328,0.647703117084844,0.4134615384615384,-0.3374571207910967,0.5303680137835936,front_month,0.5450305882418596,ETH-29MAY26-2650-C: model_edge=-60.68%; vol_spread=-13.77%; surface_score=0.53; spread=12.12%,0.4948289443998283,abs_moneyness_too_high;spread_above_dte_bucket_limit
ETH-29MAY26-2700-C,call,2026-05-29,2700.0,15.049874001041667,2267.11,2267.11,0.1909435360436855,0.1909435360436855,5.441064,5.214353,5.894486,5.894486,5.441064,52.15,0.5215,0.05588,0.00047,0.51894,-0.89908,18493.0,37.0,0.1224489795918366,14.281151129597731,14.281151129597731,-0.6190038218471494,-0.126203117084844,cheap,0.7452069389319934,0.647703117084844,0.4903846153846153,-0.2169507546350559,0.4882850614785193,front_month,0.5360057862155132,ETH-29MAY26-2700-C: model_edge=-61.90%; vol_spread=-12.62%; surface_score=0.49; spread=12.24%,0.4471190235892897,abs_moneyness_too_high;spread_above_dte_bucket_limit
ETH-17MAY26-2250-C,call,2026-05-17,2250.0,3.049874001041667,2267.11,2267.11,-0.0075470532969287,0.0075470532969287,43.07509,41.941535,45.342200000000005,35.140205,43.07509,40.94,0.4094,0.5875,0.00459,0.8068,-5.4152,407.0,487.0,0.077922077922078,62.73651805447298,62.73651805447298,-0.3133968646044607,-0.2383031170848439,cheap,0.5516999816893047,0.647703117084844,0.0760869565217391,-1.3916258542952498,0.7933020740795175,front_week,0.5274498664650208,ETH-17MAY26-2250-C: model_edge=-31.34%; vol_spread=-23.83%; surface_score=0.79; spread=7.79%,0.5243970491332354,dte_below_optimizer_minimum;spread_above_dte_bucket_limit
ETH-26JUN26-2800-C,call,2026-06-26,2800.0,43.049874001041665,2267.11,2267.11,0.2350525558971552,0.2350525558971552,27.658742000000004,27.20532,28.338875,26.071765000000003,27.658742000000004,52.53,0.5253,0.14292,0.00055,1.76148,-1.0746,18008.0,752.0,0.0408163265306122,53.13888859893609,53.13888859893609,-0.4795009318174982,-0.1224031170848439,cheap,0.6019040489023422,0.647703117084844,0.359375,-0.1771312597313202,0.5686455619711624,mid_curve,0.5271650335658555,ETH-26JUN26-2800-C: model_edge=-47.95%; vol_spread=-12.24%; surface_score=0.57; spread=4.08%,0.449641523630424,dte_above_optimizer_maximum;abs_moneyness_too_high
ETH-29MAY26-2550-C,call,2026-05-29,2550.0,15.049874001041667,2267.11,2267.11,0.1247800062634807,0.1247800062634807,14.509504000000002,13.60266,15.86977,13.60266,14.509504000000002,49.39,0.4939,0.13245,0.00094,0.98726,-1.61994,17001.0,5237.0,0.1538461538461538,32.77931354652526,32.77931354652526,-0.5573579056374698,-0.1538031170848439,cheap,0.7111610227223137,0.647703117084844,0.2980769230769231,-0.5061660334095546,0.5749854905424224,front_month,0.5247642993638543,ETH-29MAY26-2550-C: model_edge=-55.74%; vol_spread=-15.38%; surface_score=0.57; spread=15.38%,0.48672242884862615,abs_moneyness_too_high;spread_above_dte_bucket_limit
ETH-26JUN26-2700-C,call,2026-06-26,2700.0,43.049874001041665,2267.11,2267.11,0.1909435360436855,0.1909435360436855,39.221003,38.540870000000005,40.80798,40.80798,39.221003,52.01,0.5201,0.19047,0.00067,2.12094,-1.28116,7506.0,21.0,0.057142857142857,69.99335200193855,69.99335200193855,-0.4396467396087312,-0.1276031170848439,cheap,0.5672498566935752,0.647703117084844,0.234375,-0.2316210948627474,0.6164287394720022,mid_curve,0.5157393568990155,ETH-26JUN26-2700-C: model_edge=-43.96%; vol_spread=-12.76%; surface_score=0.62; spread=5.71%,0.3652814570453207,dte_above_optimizer_maximum;abs_moneyness_too_high
ETH-26JUN26-2900-C,call,2026-06-26,2900.0,43.049874001041665,2267.11,2267.11,0.2791615757506251,0.2791615757506251,19.723857,19.270435000000003,20.40399,17.003325,19.723857,53.19,0.5318999999999999,0.10677,0.00044,1.43628,-0.88728,14139.0,70.0,0.057142857142857,40.0069843218788,40.0069843218788,-0.5069896585728527,-0.115803117084844,cheap,0.6227927756576968,0.647703117084844,0.484375,-0.1079710843722015,0.5009809639897354,mid_curve,0.5136417265623034,ETH-26JUN26-2900-C: model_edge=-50.70%; vol_spread=-11.58%; surface_score=0.50; spread=5.71%,0.3987424049106359,dte_above_optimizer_maximum;abs_moneyness_too_high
ETH-26JUN26-2600-C,call,2026-06-26,2600.0,43.049874001041665,2267.11,2267.11,0.1468345161902156,0.1468345161902156,55.770906,54.41064,56.67775,56.67775,55.770906,51.76,0.5176,0.25178,0.00079,2.48923,-1.49652,15958.0,21.0,0.0408163265306122,91.35857141029317,91.35857141029317,-0.3895383307874665,-0.130103117084844,cheap,0.5196414478723106,0.647703117084844,0.171875,-0.2578181309836266,0.6586380758502426,mid_curve,0.5114899915721114,ETH-26JUN26-2600-C: model_edge=-38.95%; vol_spread=-13.01%; surface_score=0.66; spread=4.08%,0.38807150683292624,dte_above_optimizer_maximum;abs_moneyness_too_high
ETH-17MAY26-2300-P,put,2026-05-17,2300.0,3.049874001041667,2267.11,2267.11,0.0145074566298062,0.0145074566298062,52.823663,51.009975,54.41064,62.345525,52.823663,40.97,0.4097,-0.64275,0.00439,0.77326,-5.19394,2503.0,2504.0,0.064516129032258,71.4961368487061,71.4961368487061,-0.261167591309432,-0.2380031170848439,cheap,0.4991707083942759,0.647703117084844,0.1195652173913043,-1.388482209960744,0.7840911739701396,front_week,0.5072993751219791,ETH-17MAY26-2300-P: model_edge=-26.12%; vol_spread=-23.80%; surface_score=0.78; spread=6.45%,0.5443653725978712,dte_below_optimizer_minimum;spread_above_dte_bucket_limit
ETH-26JUN26-2500-C,call,2026-06-26,2500.0,43.049874001041665,2267.11,2267.11,0.1027254963367458,0.1027254963367458,78.66871700000002,77.08174000000001,79.34885000000001,78.21529500000001,78.66871700000002,51.74,0.5174,0.32688,0.00089,2.81536,-1.69186,66557.0,47.0,0.0289855072463768,118.07595713957517,118.07595713957517,-0.333744829127175,-0.130303117084844,cheap,0.464047946212019,0.647703117084844,0.046875,-0.2599138938732966,0.7181449948908294,mid_curve,0.5063899967069421,ETH-26JUN26-2500-C: model_edge=-33.37%; vol_spread=-13.03%; surface_score=0.72; spread=2.90%,0.4392522414764658,dte_above_optimizer_maximum
ETH-22MAY26-2150-P,put,2026-05-22,2150.0,8.049874001041667,2267.11,2267.11,-0.0516560731503985,0.0516560731503985,20.857412,19.270435000000003,21.537545,22.671100000000003,20.857412,48.37,0.4836999999999999,-0.21737,0.0018,0.99052,-2.97599,2243.0,332.0,0.111111111111111,38.13187824472732,38.13187824472732,-0.4530190234496498,-0.164003117084844,cheap,0.6170221405344938,0.647703117084844,0.45,-0.6130499407827401,0.5697642169430852,front_month,0.4978815022945193,ETH-22MAY26-2150-P: model_edge=-45.30%; vol_spread=-16.40%; surface_score=0.57; spread=11.11%,0.46249505505231187,spread_above_dte_bucket_limit
ETH-26JUN26-3000-C,call,2026-06-26,3000.0,43.049874001041665,2267.11,2267.11,0.3232705956040951,0.3232705956040951,14.056082,13.60266,14.736215,14.736215,14.056082,53.93,0.5393,0.07969,0.00035,1.15681,-0.72465,10829.0,17.0,0.0799999999999999,29.89051658289304,29.89051658289304,-0.5297477726415546,-0.1084031170848439,cheap,0.6381508897263986,0.647703117084844,0.609375,-0.0304278574544002,0.428885999952762,mid_curve,0.493843218516629,ETH-26JUN26-3000-C: model_edge=-52.97%; vol_spread=-10.84%; surface_score=0.43; spread=8.00%,0.3194372874066518,dte_above_optimizer_maximum;abs_moneyness_too_high;volume_below_minimum
ETH-26JUN26-2400-C,call,2026-06-26,2400.0,43.049874001041665,2267.11,2267.11,0.0586164764832759,0.0586164764832759,109.047991,108.82128,109.954835,99.75284,109.047991,51.75,0.5175,0.41343,0.00096,3.0397,-1.827,15346.0,170.0,0.0103626943005181,150.99464133289973,150.99464133289973,-0.2778022449182116,-0.130203117084844,cheap,0.4080053620030556,0.647703117084844,0.109375,-0.2588660124284616,0.7156460828054205,mid_curve,0.4885423113397815,ETH-26JUN26-2400-C: model_edge=-27.78%; vol_spread=-13.02%; surface_score=0.72; spread=1.04%,0.5412564066018596,dte_above_optimizer_maximum
ETH-29MAY26-2350-P,put,2026-05-29,2350.0,15.049874001041667,2267.11,2267.11,0.036561966556541,0.036561966556541,136.480022,132.62593500000003,138.29371,136.0266,136.480022,48.22,0.4821999999999999,-0.62176,0.00171,1.75165,-2.80627,17079.0,152.0,0.0418410041841002,164.52218141163848,164.52218141163848,-0.170446070985871,-0.165503117084844,cheap,0.335949188070715,0.647703117084844,0.0288461538461538,-0.6287681624552672,0.761079654465753,front_month,0.4486897217494904,ETH-29MAY26-2350-P: model_edge=-17.04%; vol_spread=-16.55%; surface_score=0.76; spread=4.18%,0.6269691249701892,edge_score_below_optimizer_minimum
ETH-22MAY26-2100-P,put,2026-05-22,2100.0,8.049874001041667,2267.11,2267.11,-0.0737105830771335,0.0737105830771335,12.922527,11.33555,13.60266,17.003325,12.922527,50.48,0.5047999999999999,-0.14332,0.00133,0.76175,-2.38818,3608.0,1211.0,0.1818181818181817,24.970733448409987,24.970733448409987,-0.4824930942978432,-0.142903117084844,cheap,0.6253962113826872,0.647703117084844,0.5833333333333334,-0.3919469559225251,0.4598573591486798,front_month,0.4470350894245747,ETH-22MAY26-2100-P: model_edge=-48.25%; vol_spread=-14.29%; surface_score=0.46; spread=18.18%,0.420101979977599,edge_score_below_optimizer_minimum;spread_above_dte_bucket_limit
ETH-26JUN26-2300-C,call,2026-06-26,2300.0,43.049874001041665,2267.11,2267.11,0.0145074566298062,0.0145074566298062,149.175838,148.49570500000002,150.76281500000002,150.76281500000002,149.175838,52.13,0.5213,0.50873,0.00098,3.11255,-1.88444,8674.0,69.0,0.0151515151515151,190.9072911745508,190.9072911745508,-0.2185953868906703,-0.1264031170848439,cheap,0.3449985039755143,0.647703117084844,0.296875,-0.2190465175247259,0.6527881264764239,mid_curve,0.4429923843518543,ETH-26JUN26-2300-C: model_edge=-21.86%; vol_spread=-12.64%; surface_score=0.65; spread=1.52%,0.5382622243836629,edge_score_below_optimizer_minimum;dte_above_optimizer_maximum
ETH-29MAY26-2200-C,call,2026-05-29,2200.0,15.049874001041667,2267.11,2267.11,-0.0296015632236636,0.0296015632236636,127.865004,125.824605,129.22527000000002,148.722416,127.865004,49.38,0.4938,0.63951,0.00165,1.72434,-2.82876,11649.0,0.0,0.0266666666666668,155.75837701894147,155.75837701894147,-0.1790810456091836,-0.1539031170848439,cheap,0.3329841626940275,0.647703117084844,0.2596153846153846,-0.5072139148543896,0.6802440337396531,front_month,0.4353898426559275,ETH-29MAY26-2200-C: model_edge=-17.91%; vol_spread=-15.39%; surface_score=0.68; spread=2.67%,0.5813710829417916,edge_score_below_optimizer_minimum;volume_below_minimum
ETH-22MAY26-2350-P,put,2026-05-22,2350.0,8.049874001041667,2267.11,2267.11,0.036561966556541,0.036561966556541,112.221945,107.687725,114.489055,99.75284,112.221945,46.12,0.4612,-0.68527,0.00229,1.19622,-3.42686,1040.0,0.0,0.0612244897959184,134.72244998522137,134.72244998522137,-0.167013775266777,-0.1865031170848439,cheap,0.353516892351621,0.647703117084844,0.1833333333333333,-0.848823265870646,0.7142707894373875,front_month,0.4334357642994561,ETH-22MAY26-2350-P: model_edge=-16.70%; vol_spread=-18.65%; surface_score=0.71; spread=6.12%,0.43997413175426653,edge_score_below_optimizer_minimum;volume_below_minimum
ETH-29MAY26-2400-P,put,2026-05-29,2400.0,15.049874001041667,2267.11,2267.11,0.0586164764832759,0.0586164764832759,171.166805,167.76614,173.433915,175.70102500000002,171.166805,48.23,0.4822999999999999,-0.70028,0.00156,1.60114,-2.56537,7475.0,0.0,0.0332225913621262,197.3519453918668,197.3519453918668,-0.1326824538763626,-0.165403117084844,cheap,0.2980855709612067,0.647703117084844,0.0673076923076923,-0.6277202810104322,0.7480446978919736,front_month,0.4321009604018985,ETH-29MAY26-2400-P: model_edge=-13.27%; vol_spread=-16.54%; surface_score=0.75; spread=3.32%,0.5412067297373786,edge_score_below_optimizer_minimum;volume_below_minimum
ETH-22MAY26-2200-C,call,2026-05-22,2200.0,8.049874001041667,2267.11,2267.11,-0.0296015632236636,0.0296015632236636,102.01995,99.75284,105.420615,115.62261,102.01995,46.85,0.4685,0.68229,0.00226,1.20101,-3.49459,217.0,0.0,0.0552486187845304,124.55069487858805,124.55069487858805,-0.1808961796684554,-0.1792031170848439,cheap,0.3600992967532994,0.647703117084844,0.3166666666666666,-0.7723279203976804,0.6660363747496281,front_month,0.4279953301845807,ETH-22MAY26-2200-C: model_edge=-18.09%; vol_spread=-17.92%; surface_score=0.67; spread=5.52%,0.4084421679582757,edge_score_below_optimizer_minimum;volume_below_minimum
ETH-17MAY26-2225-C,call,2026-05-17,2225.0,3.049874001041667,2267.11,2267.11,-0.0185743082602961,0.0185743082602961,59.39828200000001,56.67775,66.879745,55.544195,59.39828200000001,41.6,0.416,0.69569,0.00406,0.72519,-4.94559,52.0,52.0,0.165137614678899,77.19248765539328,77.19248765539328,-0.2305173235876409,-0.2317031170848439,cheap,0.4622204406724848,0.647703117084844,0.2065217391304347,-1.3224656789361304,0.689843651651881,front_week,0.4249313802190479,ETH-17MAY26-2225-C: model_edge=-23.05%; vol_spread=-23.17%; surface_score=0.69; spread=16.51%,0.34884551655459584,edge_score_below_optimizer_minimum;dte_below_optimizer_minimum;spread_above_dte_bucket_limit;open_interest_below_minimum
ETH-26JUN26-2300-P,put,2026-06-26,2300.0,43.049874001041665,2267.11,2267.11,0.0145074566298062,0.0145074566298062,176.83458000000002,175.70102500000002,177.96813500000002,177.96813500000002,176.83458000000002,52.13,0.5213,-0.49123,0.00098,3.11259,-1.88447,7248.0,229.0,0.0128205128205128,212.97192004566384,212.97192004566384,-0.1696812426629555,-0.1264031170848439,cheap,0.2960843597477994,0.647703117084844,0.296875,-0.2190465175247259,0.6541201278084252,mid_curve,0.4223130207813839,ETH-26JUN26-2300-P: model_edge=-16.97%; vol_spread=-12.64%; surface_score=0.65; spread=1.28%,0.5551869824519782,edge_score_below_optimizer_minimum;dte_above_optimizer_maximum
ETH-26JUN26-2400-P,put,2026-06-26,2400.0,43.049874001041665,2267.11,2267.11,0.0586164764832759,0.0586164764832759,236.45957300000003,234.645885,238.04655,244.84788,236.45957300000003,51.75,0.5175,-0.58657,0.00096,3.0397,-1.827,6602.0,198.0,0.0143884892086331,272.5886018940612,272.5886018940612,-0.1325404974493479,-0.130203117084844,cheap,0.262743614534192,0.647703117084844,0.109375,-0.2588660124284616,0.713345628572212,mid_curve,0.4208740707455842,ETH-26JUN26-2400-P: model_edge=-13.25%; vol_spread=-13.02%; surface_score=0.71; spread=1.44%,0.5081504180020082,edge_score_below_optimizer_minimum;dte_above_optimizer_maximum
ETH-26JUN26-2200-P,put,2026-06-26,2200.0,43.049874001041665,2267.11,2267.11,-0.0296015632236636,0.0296015632236636,128.09171500000002,126.95816,129.22527000000002,139.427265,128.09171500000002,52.92,0.5292,-0.39403,0.00093,3.0028,-1.84573,15462.0,416.0,0.0176991150442479,161.0049686756314,161.0049686756314,-0.2044238382601723,-0.1185031170848439,cheap,0.3229269553450162,0.647703117084844,0.421875,-0.1362638833827495,0.5976649809452119,mid_curve,0.4193725725598702,ETH-26JUN26-2200-P: model_edge=-20.44%; vol_spread=-11.85%; surface_score=0.60; spread=1.77%,0.5315987932339127,edge_score_below_optimizer_minimum;dte_above_optimizer_maximum
ETH-26JUN26-2100-P,put,2026-06-26,2100.0,43.049874001041665,2267.11,2267.11,-0.0737105830771335,0.0737105830771335,89.324134,88.41729000000001,90.6844,98.619285,89.324134,53.91,0.5390999999999999,-0.30205,0.00083,2.72169,-1.70424,3928.0,76.0,0.0253164556962025,117.11741259619828,117.11741259619828,-0.2373112416001279,-0.108603117084844,cheap,0.345914358684972,0.647703117084844,0.546875,-0.0325236203440714,0.5320953889677968,mid_curve,0.4115449315033732,ETH-26JUN26-2100-P: model_edge=-23.73%; vol_spread=-10.86%; surface_score=0.53; spread=2.53%,0.456132705979912,edge_score_below_optimizer_minimum;dte_above_optimizer_maximum
ETH-29MAY26-2000-P,put,2026-05-29,2000.0,15.049874001041667,2267.11,2267.11,-0.1178196029306033,0.1178196029306033,14.962926,13.60266,15.86977,14.736215,14.962926,54.53,0.5453,-0.11619,0.00078,0.90082,-1.63201,10603.0,1511.0,0.1538461538461538,24.843969040073542,24.843969040073542,-0.3977240119779304,-0.1024031170848439,cheap,0.5001271290627745,0.647703117084844,0.5673076923076923,0.0324450292357083,0.4399662991940991,front_month,0.4037542493799807,ETH-29MAY26-2000-P: model_edge=-39.77%; vol_spread=-10.24%; surface_score=0.44; spread=15.38%,0.4404988059244735,edge_score_below_optimizer_minimum;spread_above_dte_bucket_limit
ETH-17MAY26-2325-P,put,2026-05-17,2325.0,3.049874001041667,2267.11,2267.11,0.0255347115931736,0.0255347115931736,70.733832,63.47908,75.94818500000001,48.742865,70.733832,41.46,0.4146,-0.74095,0.00377,0.67095,-4.56075,1.0,1.0,0.1788617886178862,87.48831120431987,87.48831120431987,-0.1915053448133375,-0.2331031170848439,cheap,0.4246084618981815,0.647703117084844,0.1630434782608695,-1.337136019163822,0.6970491055339683,front_week,0.4037155644101388,ETH-17MAY26-2325-P: model_edge=-19.15%; vol_spread=-23.31%; surface_score=0.70; spread=17.89%,0.28953878689815465,edge_score_below_optimizer_minimum;dte_below_optimizer_minimum;spread_above_dte_bucket_limit;open_interest_below_minimum;volume_below_minimum
ETH-26JUN26-2200-C,call,2026-06-26,2200.0,43.049874001041665,2267.11,2267.11,-0.0296015632236636,0.0296015632236636,200.185813,198.372125,201.77279,210.84123,200.185813,52.92,0.5292,0.60597,0.00093,3.0028,-1.84573,7532.0,20.0,0.0169971671388102,238.46967149456648,238.46967149456648,-0.1605397376304883,-0.1185031170848439,cheap,0.2790428547153322,0.647703117084844,0.421875,-0.1362638833827495,0.5980660940340334,mid_curve,0.400025840365334,ETH-26JUN26-2200-C: model_edge=-16.05%; vol_spread=-11.85%; surface_score=0.60; spread=1.70%,0.46891302221425474,edge_score_below_optimizer_minimum;dte_above_optimizer_maximum
ETH-17MAY26-2200-C,call,2026-05-17,2200.0,3.049874001041667,2267.11,2267.11,-0.0296015632236636,0.0296015632236636,78.66871700000002,75.94818500000001,86.15018,80.482405,78.66871700000002,42.95,0.4295,0.78374,0.00329,0.60758,-4.27776,118.0,118.0,0.1258741258741258,93.45601221139032,93.45601221139032,-0.1582273292160441,-0.2182031170848439,cheap,0.376430446300888,0.647703117084844,0.2934782608695652,-1.181001683883386,0.6678510311131297,front_week,0.3996799371049015,ETH-17MAY26-2200-C: model_edge=-15.82%; vol_spread=-21.82%; surface_score=0.67; spread=12.59%,0.3718776843455698,edge_score_below_optimizer_minimum;dte_below_optimizer_minimum;spread_above_dte_bucket_limit
ETH-29MAY26-2150-C,call,2026-05-29,2150.0,15.049874001041667,2267.11,2267.11,-0.0516560731503985,0.0516560731503985,161.191521,159.831255,164.365475,162.098365,161.191521,50.15,0.5015,0.71876,0.00146,1.55416,-2.58916,13116.0,100.0,0.027972027972028,185.87521295759643,185.87521295759643,-0.1327971146062789,-0.146203117084844,cheap,0.279000231691123,0.647703117084844,0.375,-0.4265270436020844,0.627978689686078,front_month,0.3986262971317861,ETH-29MAY26-2150-C: model_edge=-13.28%; vol_spread=-14.62%; surface_score=0.63; spread=2.80%,0.6126531128473582,edge_score_below_optimizer_minimum
ETH-22MAY26-2400-P,put,2026-05-22,2400.0,8.049874001041667,2267.11,2267.11,0.0586164764832759,0.0586164764832759,150.76281500000002,142.82793,153.02992500000002,162.098365,150.76281500000002,46.8,0.4679999999999999,-0.78165,0.00187,0.99309,-2.88658,385.0,2.0,0.0689655172413793,169.63295702230835,169.63295702230835,-0.1112410132650504,-0.179703117084844,cheap,0.2909441303498944,0.647703117084844,0.25,-0.7775673276218573,0.6761651150100924,front_month,0.3934540196009435,ETH-22MAY26-2400-P: model_edge=-11.12%; vol_spread=-17.97%; surface_score=0.68; spread=6.90%,0.3733153827799352,edge_score_below_optimizer_minimum;volume_below_minimum
ETH-17MAY26-2350-P,put,2026-05-17,2350.0,3.049874001041667,2267.11,2267.11,0.036561966556541,0.036561966556541,91.137822,82.749515,97.48573,,91.137822,42.27,0.4227,-0.81861,0.00301,0.54643,-3.78674,0.0,0.0,0.1635220125786163,105.11378348140852,105.11378348140852,-0.1329603123255519,-0.2250031170848439,cheap,0.3579634294103959,0.647703117084844,0.25,-1.2522576221321755,0.6661012584881161,front_week,0.3737775277602878,ETH-17MAY26-2350-P: model_edge=-13.30%; vol_spread=-22.50%; surface_score=0.67; spread=16.35%,0.26567631727484686,edge_score_below_optimizer_minimum;dte_below_optimizer_minimum;spread_above_dte_bucket_limit;open_interest_below_minimum;volume_below_minimum
ETH-22MAY26-2150-C,call,2026-05-22,2150.0,8.049874001041667,2267.11,2267.11,-0.0516560731503985,0.0516560731503985,139.200554,136.0266,147.36215,162.098365,139.200554,48.37,0.4836999999999999,0.78272,0.0018,0.99031,-2.97539,150.0,0.0,0.08,157.13772452620287,157.13772452620287,-0.1141493589797516,-0.164003117084844,cheap,0.2781524760645957,0.647703117084844,0.45,-0.6130499407827401,0.5875419947208629,front_month,0.3631679310608428,ETH-22MAY26-2150-C: model_edge=-11.41%; vol_spread=-16.40%; surface_score=0.59; spread=8.00%,0.3126096265588413,edge_score_below_optimizer_minimum;volume_below_minimum
ETH-17MAY26-2175-C,call,2026-05-17,2175.0,3.049874001041667,2267.11,2267.11,-0.0406288181870311,0.0406288181870311,99.75284,96.35217500000002,108.82128,,99.75284,44.61,0.4461,0.85021,0.00252,0.48276,-3.53079,0.0,0.0,0.1215469613259667,111.41759117994434,111.41759117994434,-0.1046939810528235,-0.2016031170848439,cheap,0.3062970981376675,0.647703117084844,0.3804347826086957,-1.0070533640407524,0.623187769647632,front_week,0.361298614157146,ETH-17MAY26-2175-C: model_edge=-10.47%; vol_spread=-20.16%; surface_score=0.62; spread=12.15%,0.25661790020310005,edge_score_below_optimizer_minimum;dte_below_optimizer_minimum;spread_above_dte_bucket_limit;open_interest_below_minimum;volume_below_minimum
ETH-26JUN26-2100-C,call,2026-06-26,2100.0,43.049874001041665,2267.11,2267.11,-0.0737105830771335,0.0737105830771335,261.171072,259.58409500000005,265.25187000000005,249.3821,261.171072,53.91,0.5390999999999999,0.69795,0.00083,2.72169,-1.70424,1378.0,1.0,0.0215982721382289,294.1114471051819,294.1114471051819,-0.1119996362922984,-0.108603117084844,cheap,0.2206027533771424,0.647703117084844,0.546875,-0.0325236203440714,0.5342200652866389,mid_curve,0.357279385433692,ETH-26JUN26-2100-C: model_edge=-11.20%; vol_spread=-10.86%; surface_score=0.53; spread=2.16%,0.3875037628889999,edge_score_below_optimizer_minimum;dte_above_optimizer_maximum;volume_below_minimum
